{"cameraMode":{"drawMode":0,"name":"Shaded","section":"Shading Mode"},"sceneLighting":false,"audioPlay":false,"sceneViewState":{"showFog":false,"showMaterialUpdate":false,"showSkybox":false,"showFlares":false,"showImageEffects":false,"showParticleSystems":false},"in2DMode":false,"pivot":{"x":-335.3734436035156,"y":64.82061004638672,"z":-300.97601318359377},"rotation":{"x":0.08211896568536759,"y":0.2732258141040802,"z":-0.023437781259417535,"w":0.9581754207611084},"size":541.6644897460938,"orthographic":false}