{"cameraMode":{"drawMode":0,"name":"Shaded","section":"Shading Mode"},"sceneLighting":false,"audioPlay":false,"sceneViewState":{"showFog":false,"showMaterialUpdate":false,"showSkybox":false,"showFlares":false,"showImageEffects":false,"showParticleSystems":false},"in2DMode":false,"pivot":{"x":0.00073280930519104,"y":0.03441402688622475,"z":7.748603820800781e-7},"rotation":{"x":0.013578237034380436,"y":0.9801385998725891,"z":-0.18443773686885835,"w":0.07217372953891754},"size":0.6551454067230225,"orthographic":false}