{"cameraMode":{"drawMode":0,"name":"Shaded","section":"Shading Mode"},"sceneLighting":false,"audioPlay":false,"sceneViewState":{"showFog":false,"showMaterialUpdate":false,"showSkybox":false,"showFlares":false,"showImageEffects":false,"showParticleSystems":false},"in2DMode":false,"pivot":{"x":-0.12709972262382508,"y":0.03405826538801193,"z":0.18196618556976319},"rotation":{"x":0.21884840726852418,"y":0.6954834461212158,"z":-0.23706519603729249,"w":0.6420985460281372},"size":0.442165732383728,"orthographic":false}