{"cameraMode":{"drawMode":0,"name":"Shaded","section":"Shading Mode"},"sceneLighting":false,"audioPlay":false,"sceneViewState":{"showFog":false,"showMaterialUpdate":false,"showSkybox":false,"showFlares":false,"showImageEffects":false,"showParticleSystems":false},"in2DMode":false,"pivot":{"x":67.81312561035156,"y":2.7252349853515627,"z":-18.23626708984375},"rotation":{"x":0.08211896568536759,"y":0.2732258141040802,"z":-0.023437781259417535,"w":0.9581754207611084},"size":22.0,"orthographic":false}