{"cameraMode":{"drawMode":0,"name":"Shaded","section":"Shading Mode"},"sceneLighting":false,"audioPlay":false,"sceneViewState":{"showFog":false,"showMaterialUpdate":false,"showSkybox":false,"showFlares":false,"showImageEffects":false,"showParticleSystems":false},"in2DMode":false,"pivot":{"x":-0.016804277896881105,"y":1.8938477039337159,"z":0.07090187072753906},"rotation":{"x":0.015212710946798325,"y":0.5334671139717102,"z":-0.009621255099773407,"w":0.8456572890281677},"size":7.697269439697266,"orthographic":false}