{"cameraMode":{"drawMode":0,"name":"Shaded","section":"Shading Mode"},"sceneLighting":false,"audioPlay":false,"sceneViewState":{"showFog":false,"showMaterialUpdate":false,"showSkybox":false,"showFlares":false,"showImageEffects":false,"showParticleSystems":false},"in2DMode":false,"pivot":{"x":-2.9802322387695315e-8,"y":0.017371393740177156,"z":-2.9802322387695315e-8},"rotation":{"x":0.21884840726852418,"y":0.6954834461212158,"z":-0.23706519603729249,"w":0.6420985460281372},"size":1.478866696357727,"orthographic":false}